cell_type,size,NES,ES,pval,padj,leading_edge,log2err,contrast,cluster
Excitatory neurons,251,-1.87178616466421,-0.397837381848981,1.21633512035425e-07,2.18940321663765e-06,"LRTM2,SLITRK1,HS6ST2,NCAN,PCDH7,KIAA1549L,GPR158,FGF9,BRSK2,VGF,ART3,VWC2L,SUSD5,SCG3,FAM171B,IGSF21,DTNB,SNAP25,TMPRSS5,AMIGO1,EXTL1,CA7,SPINK8,GPC5,ADAM23,SUSD4,SEZ6L,MAP2,VIPR1,CNTNAP4,IL1RL2,PTPRR,CORO6,SYT1,NCAM2,ENPP5,DLG4,PDZD2,DNM3,APLP1,SCG2,NRN1,CRTAC1,UNC5D,TNR,SORCS2,NPTX1,ENO2,GFRA2,SCN2A,DCUN1D2,PTPRN2,EPHA4,EPHB6,GP6,UNC79,ITGA11,KIAA0319,THTPA,TAFA5,PXDNL,IL17D,BCAN,AMY2B,CNTN4,EHD3,ADGRB3,NRGN,PNMA2,PAMR1,CLIP2,SH3GL3,NELL2,GRIK2,CHGA,NRXN3,IL12RB2,RBFOX3,DSCAM,PDE5A,DDX25,THY1,WASF1,CEACAM19,NEFL,STX1B,ANK2,CLSTN2,VSTM2L,CHRM1",0.690132458796796,C0_vs_None,C0
Macrophages,247,1.81086374432119,0.314977009439393,7.27222016955971e-07,5.29190017031973e-06,"MRC1,CD83,ASGR1,LCP1,MARCO,CEACAM3,CST7,IFI30,GPNMB,VNN2,CD5L,HMOX1,CLEC4A,CSF2RA,CD300A,SELL,CD200R1,TNFSF13B,LRRC25,FCN1,LILRA5,HAVCR2,KYNU,CD80,TNFSF8,CXCL16,CD300LF,CXCL9,ADGRE1,LY96,NCF2,LILRA6,FABP4,CFP,CXCL10,TREM2,FOLR2,FBP1,CHIT1,AZU1,MSR1,SELPLG,CCL13,SIGLEC7,SLAMF8,HGF,KRT6C,ITGB7,FCGR2A,LILRB5,CRTAM,APBB1IP,CLEC10A,CD1C,MNDA,CXCL11,OSCAR,CD36,GIMAP8,CSF3R,VMO1,PPBP,HPSE,LPO,LAIR1,APOBR,CCL7,SLAMF7,IL18R1,MMP12,LILRA2,LYVE1,HCLS1,FCER1A,PADI4,FCGR3B,SIGLEC1,CSF1R,CPVL,PIK3AP1,CD209,ITGAL,IGLC2,CD300C,FCER2,IL2RA",0.659444398037935,C0_vs_None,C0
monocytes,193,1.84574668681582,0.334789703886762,8.81983361719955e-07,5.29190017031973e-06,"CD83,IL6,LCP1,MARCO,MN1,CEACAM3,CST7,IFI30,VNN2,HMOX1,CLEC4A,IL15,CSF2RA,CD300A,SELL,TNFSF13B,LRRC25,FCN1,LILRA5,HAVCR2,PGLYRP2,KYNU,CD80,TNFSF8,CXCL16,CD300LF,CXCL9,ADGRE1,LY96,NCF2,LILRA6,CFP,CXCL10,RAB37,FCRL1,MSR1,SELPLG,LAIR2,CCL20,SIGLEC7,HGF,ADA,FCGR2A,CRTAM,APBB1IP,CLEC10A,CD1C,MNDA,CXCL11,OSCAR,CSF3R,VMO1,PAG1,LAIR1,APOBR,VNN1,IL16,SLAMF7,LILRA2,HCLS1,PADI4,CFD,XCL1,FCGR3B,CSF1R,CPVL,CCL5,PIK3AP1,ITGAL,CD300C,FCER2",0.659444398037935,C0_vs_None,C0
Inhibitory neurons,257,-1.79979663208403,-0.382159964531722,1.39816198165639e-06,6.29172891745377e-06,"LRTM2,SLITRK1,HS6ST2,NCAN,PCDH7,KIAA1549L,GPR158,FGF9,BRSK2,VGF,VWC2L,SUSD5,SCG3,FAM171B,IGSF21,DTNB,SNAP25,AMIGO1,EXTL1,SPINK8,GPC5,ADAM23,SUSD4,SEZ6L,MAP2,CRHBP,CNTNAP4,PTPRR,CORO6,SYT1,NCAM2,ISM1,CALB1,PTPRZ1,PDZD2,DNM3,APLP1,SCG2,CRTAC1,MEPE,CRH,JAM2,WASF3,UNC5D,TNR,FLT3,SORCS2,NPTX1,ENO2,POSTN,SCN2A,DCUN1D2,PTPRN2,EPHA4,GP6,UNC79,KIAA0319,THTPA,TAFA5,PXDNL,NGF,IL17D,BCAN,AMY2B,CNTN4,ADGRB3,PNMA2,NPY,CLIP2,SH3GL3,NELL2,GRIK2,NRXN3,IL12RB2,RBFOX3,DSCAM,PDE5A,DDX25,THY1,WASF1,ACAN,CEACAM19,NEFL,STX1B,ANK2,CLSTN2,VSTM2L,CHRM1,ELAVL4,SORBS1,KAZN,NTRK3,GLP1R,PTH,RNF31,CADPS,NT5C1A,SEMA6C,CLEC2L,LUZP2,PRTFDC1",0.643551836150722,C0_vs_None,C0
Macrophages,247,1.58729446369698,0.42527422255797,5.40659583288872e-07,9.7318724991997e-06,"CCL3,ITGA5,CCL4,IL10RA,CCL22,CST5,CXCL16,CSF2RA,LILRA2,LY96,TNFSF13,VNN2,LYVE1,COLEC12,TNFRSF1B,ADGRE2,MRC1,CCL17,CD83,CD209,LILRB2,PECAM1,CD207,IL3RA,ITGB7,MMP8,SIRPB1,HGF,LILRB1,PTPRC,TREM2,CLEC10A,MMP9,IL2RA,CD48,CLEC4D,ITGAM,FYB1,HAVCR2,BIN2,EVI2B,LILRA5,ITGB2,CD5L,TNFSF13B,CLEC5A,VMO1,RELT,CORO1A,CD36,SLAMF7,OSM,CD300A,LRRC25,ADAM8,PLTP,CTLA4,EREG,VCAN,IFI30,MMP12,VSIG4,IL1B,OLR1,LAIR1,CD200R1,ITGAL,SELPLG,TLR2,MSR1,BST1,HPSE,CXCL3,CD300E,LCP1,CD84,CRTAM,CST7,CD163,IL12RB1,ADGRE1,MCEMP1,WAS,CLEC4A,SIGLEC1,TNFSF14,INPP5D,IL18BP,PDGFB,IL1RN,CSF1R,IGLC2,SIGLEC8,SERPINB9",0.659444398037935,C2_vs_None,C2
Macrophages,247,1.80495958470479,0.368720831179447,6.90798337568062e-06,0.000124343700762251,"KRT6C,CST7,ITGAL,CCL17,LY96,ITGB2,CCL7,FCN1,IL1B,SLAMF7,HGF,CSF1R,LCP1,CLEC5A,PDGFB,FBP1,ITGAM,IL7R,PRTN3,S100A12,LILRA5,CXCL5,EREG,FCAR,PPBP,CSF3R,MMP8,MMP12,CD5L,CLEC4A,PECAM1,DPEP2,IL18R1,IFI30,ITGA5,RELT,IGSF21,CXCL11,VMO1,OSM,MMP9,LILRA2,TNFSF14,GPNMB,ICAM4,CST5,ADGRE2,MSR1,CD72,CCL24,CA6,SPRR3,IL1RL2,LILRB5,CASP1,TREM2,IGLC2,SIGLEC10,CD300E,OLR1,MRC1,IL1R2,SIGLEC8,VSTM1,OTOA,PLTP,IL1RN,NPL,IL3RA,FCGR2A,LILRB2,MMP1,TLR1,CXCL3,CCL3,SCARF1,PTPRC,ADA2,MARCO,RETN",0.610526878385931,C1_vs_None,C1
Oligodendrocyte precursor cells,223,-1.60525970785698,-0.346231886372023,0.000194921960573378,0.000701719058064159,"SLITRK1,HS6ST2,NCAN,PCDH7,KIAA1549L,GPR158,BRSK2,VWC2L,SUSD5,SCG3,FAM171B,CSPG4,IGSF21,DTNB,SNAP25,EXTL1,SPINK8,GPC5,ADAM23,SUSD4,SEZ6L,MAP2,CNTNAP4,NCAM2,PTPRZ1,PDZD2,DNM3,MOG,SCG2,CRTAC1,JAM2,WASF3,UNC5D,TNR,SCN2A,DCUN1D2,PTPRN2,UNC79,THTPA,SMOC1,TAFA5,PXDNL,NGF,IL17D,BCAN,AMY2B,LAMA4,IL17RB,CNTN4,EHD3,PLXNB3,ADGRB3,PNMA2,CLIP2,NELL2,GRIK2,IKZF2,NRXN3,IGDCC3,DSCAM,PDE5A,WASF1,PRTG,STX1B,ANK2,CLSTN2,CHRM1,ELAVL4,VCAN,SORBS1,KAZN,NTRK3,RNF31,CADPS,CLEC2L,LUZP2,PRTFDC1,DPP6,ANGPTL2,LRRN1,HDAC9",0.518848077743792,C0_vs_None,C0
monocytes,193,1.51562987231213,0.410362441608281,0.000191775717697771,0.00172598145927993,"CCL3,CCL4,IL10RA,CXCL16,CSF2RA,LILRA2,LY96,VNN2,TNFRSF1B,GZMH,ADGRE2,CD83,LILRB2,PECAM1,IL3RA,SIRPB1,HGF,LILRB1,PTPRC,CLEC10A,IL15,CD48,CLEC4D,ITGAM,FYB1,HAVCR2,BIN2,LAIR2,EVI2B,LILRA5,ITGB2,TNFSF13B,VMO1,RELT,CORO1A,SLAMF7,OSM,CD300A,LRRC25,ADAM8,CTLA4,EREG,IFI30,IL1B,CCL23,OLR1,LAIR1,ITGAL,SELPLG,TLR2,CCL20,MSR1,BST1,VNN1,CXCL3,CD300E,LCP1,CRTAM,CST7,CD163,IL12RB1,ADGRE1,MCEMP1,WAS,CLEC4A,INPP5D,IL18BP,IL1RN,CSF1R,CD6,CD69,SERPINB9,NRGN,PGLYRP2,FCER2,FCN1,TLR1,CR1,IL6,PAG1,FCAR,PILRA,CD93",0.518848077743792,C2_vs_None,C2
Astrocytes,195,-1.5389367395797,-0.33498566333258,0.00149487486879822,0.00448462460639466,"NCAN,TLR4,PCDH7,PDGFRB,KIAA1549L,BRSK2,SCG3,FAM171B,SNAP25,TMPRSS5,GLI2,GPC5,ADAM23,SEZ6L,NCAM2,PTPRZ1,DNM3,IL33,NXPH3,EDNRB,JAM2,WASF3,UNC5D,TNR,SORCS2,DCUN1D2,BOC,EPHA4,GP6,UNC79,KIAA0319,THTPA,RYR1,TAFA5,PXDNL,IL17D,BCAN,AMY2B,AMOT,IL17RB,PLXNB3,TMEM132A,ADGRB3,NRGN,PNMA2,PAMR1,NELL2,GRIK2,IKZF2,NRXN3,MYBPC1,IGDCC3,HSD17B3,THSD1,AGT,NEFL,STX1B,ANK2,CHRM1,SORBS1,NTRK3,RNF31,CADPS,PON1,PRTFDC1,DPP6,LRRN1,ANGPT1,RGMA,RNF43,RAB11FIP3,PRKG1,PRSS53,SYTL4,SNED1,LEPR,IGDCC4,LRP2BP,MYOM1,GFAP,GAD1",0.45505986738723,C0_vs_None,C0
Oligodendrocytes,168,-1.53621979569803,-0.341093610798587,0.00233575808415685,0.00600623507354618,"SLITRK1,GPR37,GPR158,BRSK2,KLK6,FAM171B,DTNB,SNAP25,TMPRSS5,GPC5,CNDP1,CNTNAP4,DIPK2B,NCAM2,PDZD2,DNM3,APLP1,MOG,CA14,GPIHBP1,SORCS2,DAPK2,CD226,DCUN1D2,UNC79,ABCA2,THTPA,SMOC1,ITGA2,TAFA5,PXDNL,IL17D,AMY2B,SEMA4D,PLXNB3,ADGRB3,NRGN,CLIP2,SH3GL3,GRIK2,IKZF2,NRXN3,CAPN3,PDE5A,LRP2,HSD17B3,WASF1,ANK2,CLSTN2,PPP1R14A,KAZN,PTH,RNF31,PRTFDC1,RAB33A,DPP6,ANGPTL2,EFHD1,HDAC9,RAB11FIP3,HSD11B1,HIP1,MYH7B",0.431707695803346,C0_vs_None,C0
B-cells,122,1.5201216206467,0.293725866622313,0.00371753369383367,0.00836445081112577,"CD83,LCP1,IFI30,GKN1,SELL,CD200R1,ORM1,COCH,TCL1A,SIT1,CD80,TNFSF8,CD5,SERPINA9,LY75,PF4,RAB37,FCRL1,CHIT1,TNFRSF17,SLAMF8,ITGB7,BLNK,CD70,APBB1IP,CLEC10A,CD1C,MNDA,PPBP,IL16,SLAMF7,IL5RA,CLEC4C,JCHAIN,A1BG,HCLS1,FCER1A,MZB1,PIK3AP1,IGLC2,FCER2,IL2RA",0.431707695803346,C0_vs_None,C0
Microglial cells,197,1.42211836712891,0.384397384323296,0.00186842672700572,0.00840792027152573,"VWF,ADAMTSL2,FGF5,PXDNL,CSF2RA,MAMDC2,LILRA2,COL15A1,COLEC12,MRC1,HAVCR1,LAMA4,JAM2,LILRB1,PTPRC,FAP,EDA2R,FLT1,ITGA11,ITGAM,FYB1,HAVCR2,DPP10,BMP6,COL24A1,CXCL12,DTNB,CLEC5A,PTPRB,FNDC1,NID2,CDH5,PLXDC1,GGT5,CDH2,ITGBL1,PTPRM,FLRT2,PDE5A,ASPN,CNTNAP2,OLR1,CD200R1,TLR2,MSR1,LTBP2,CD84,PRKG1,TEK,ARHGEF10,ST6GAL1,INPP5D,ADGRD1,CSF1R,CD34,SIGLEC8,PLA2G4A,LRRC37A2,NRGN,CDH22,CLIP2,CLEC1A,LAT,EPHA4,SNED1,PAMR1,ADGRF5,DIPK2B,ISM1,TLR1,PAG1,PILRA,ARSB,KIAA1549L,ADGRB3,ADAMTS13,PRTG,PEAR1,ROBO2,IGDCC4",0.45505986738723,C2_vs_None,C2
dendritic cells,128,1.48789503093587,0.412764160514363,0.0016340200816694,0.00840792027152573,"IL10RA,CSF2RA,TNFRSF1B,GZMH,ADGRE2,CD83,LILRB2,IL3RA,ITGB7,SPON2,RET,SIRPB1,LILRB1,PTPRC,SIT1,CD48,MZB1,FYB1,BIN2,COL24A1,EVI2B,LILRA5,MPIG6B,ITGB2,TNFSF13B,RELT,CORO1A,SLAMF7,CD300A,LRRC25,LY9,IFNLR1,CD5,LAIR1,ITGAL,SELPLG,SIGLEC6,LCP1,CD84,IL12RB1,WAS,CLEC4A,INPP5D,IL18BP,PDGFB,SERPINB9,SHD,IL18R1,DKK4,FCER2",0.45505986738723,C2_vs_None,C2
Microglial cells,197,-1.43433660697764,-0.311977494300631,0.00868855918824979,0.0173771183764996,"PEAR1,NCAN,CLEC1A,KIAA1549L,VGF,VWC2L,CYTL1,IGSF21,DTNB,SNAP25,ASPN,GPC5,SEZ6L,DIPK2B,ISM1,ROBO4,DLL4,PDZD2,DNM3,TLR2,TREML1,GRP,GPIHBP1,JAM2,UNC5D,CD226,SCN2A,DCUN1D2,CDH5,EPHA4,UNC79,ITGA11,RYR1,CD84,PXDNL,LAMA4,CD34,ADGRB3,NRGN,GIPC3,PAMR1,CLIP2,GRIK2,PCDH12,PLA2G4A,DSCAM,PDE5A,HSD17B3,THSD1,NEFL,PRTG,DCDC2C,SCARF1,ELAVL4,FLI1,PLCB2,SORBS1,NTRK3,LTBP2,RNF31",0.380730400722792,C0_vs_None,C0
Smooth muscle,138,-1.46288855861055,-0.331799740591176,0.0109619027436014,0.0197314249384825,"CD177,NGFR,IL34,ART3,SUSD5,ACTA2,DAND5,CSPG4,F10,TFAP2A,LEFTY2,ASPN,APOB,ART5,CDH15,VIPR1,SLC39A14,MYL3,CORO6,OBP2B,ENPP5,NXPH3,CD248,HRC,CRTAC1,TYRP1,GFRA2,POSTN,ITIH1,CACNA1H,PGR,NRTN,KRT17,NGF,MFAP4,ACAN,ARTN,DCDC2C,CCL27,ACHE,AOC3,WNT9A,SFTPD,ESAM,SMOC2,TIMP4,GLP1R,LTBP2,GLT8D2",0.380730400722792,C0_vs_None,C0
Fibroblasts,79,1.4856538485811,0.42942849397629,0.00612782196632451,0.0220601590787682,"CCL21,FBLN2,COL15A1,COL6A3,SCARA5,MME,CPXM2,KLK1,FBN2,EFEMP1,MATN2,WFIKKN2,FAP,TNFRSF11B,OGN,KRT18,AKR1B10,FNDC1,ITGBL1,SFRP4,ESM1,NTF3,PDGFRA,ASPN,GFRA1,ADAMTS15,COL1A1,LTBP2,NGFR,RBP5,MFAP4",0.407017918923954,C2_vs_None,C2
monocytes,193,1.4788124546638,0.313772428493251,0.00268652492947068,0.0241787243652361,"CST7,ITGAL,LY96,ITGB2,FCN1,LTB,IL1B,SLAMF7,HGF,CSF1R,LCP1,CCL5,VNN1,ITGAM,IL7R,LILRA5,EREG,FCAR,CSF3R,EPGN,CLEC4A,PECAM1,DPEP2,IFI30,RELT,IL21R,GZMA,CXCL11,VMO1,IL6,OSM,LILRA2,ICAM4,ADGRE2,MSR1,UPK3A,CD72,IL1RL2,CASP1,SIGLEC10,CD300E,OLR1,IL1R2,VSTM1,SLAMF1,KLRD1,IL1RN,IL3RA,FCGR2A,LILRB2,TLR1,GZMH,CXCL3,CCL3,PTPRC,ADA2,MARCO,RETN,ICAM2,ITGAX,TREML2",0.431707695803346,C1_vs_None,C1
dendritic cells,128,1.34705444362633,0.261197594398767,0.0183924950782208,0.0300968101279978,"IGLON5,CD83,LCP1,CLEC4A,CSF2RA,CD300A,CD7,SELL,TNFSF13B,LRRC25,LILRA5,TCL1A,SIT1,TNFSF8,CD5,RET,PF4,SERPINF2,SELPLG,TNFRSF17,ADA,ITGB7,BLNK,APBB1IP,CD3G,PPBP,ZHX2,PAG1,LAIR1,IL16,SLAMF7,IL18R1,CLEC4C,JCHAIN,HCLS1,FCER1A,PADI4,MZB1,PIK3AP1,CAMKK1,ITGAL,CD300C,FCER2",0.352487857583619,C0_vs_None,C0
NK-cells,145,1.35414776504278,0.37282625838888,0.0141378757624736,0.037161099874449,"CCL3,CCL4,IL10RA,VNN2,TNFRSF1B,GZMH,ITGB7,SPON2,FLT3LG,LILRB1,PTPRC,IL2RA,CD48,ITGAM,FYB1,HAVCR2,BIN2,LAIR2,EVI2B,ITGB2,F2R,CORO1A,SLAMF7,CD300A,ADAM8,PRKCQ,LY9,CD27,ULBP2,CD5,B3GNT7,LAIR1,ITGAL,SELPLG,LCP1,CRTAM,FCRL6,CST7,IL12RB1,WAS,TNFRSF9,FGFBP2,BATF,TNFSF14,INPP5D,CRACR2A,CD6,IFNG,CD69,CD38,DRAXIN,IL18R1,LAT,KIR3DL2,CD8A,GRAP2,TNFRSF4,CD40LG,KIR2DS4,RAB39B,DOK2,FCRLB,CD226,CD79B",0.380730400722792,C2_vs_None,C2
T-cells,156,1.35344440377278,0.370881913306592,0.0144515388400635,0.037161099874449,"CCL3,CCL4,IL10RA,TNFRSF1B,GZMH,ITGB7,FLT3LG,IL17F,IL2,PTPRC,SIT1,IL2RA,CD48,FYB1,BIN2,LAIR2,IL4,EVI2B,ITGB2,F2R,CORO1A,NELL2,SLAMF7,OSM,CD300A,ADAM8,PRKCQ,LY9,CTLA4,CD27,ULBP2,CD5,CD200R1,ITGAL,SELPLG,LCP1,CD84,CRTAM,FCRL6,CST7,IL12RB1,WAS,TNFRSF9,CD70,FGFBP2,BATF,TNFSF14,IL13,INPP5D,CRACR2A,CD6,IFNG,IGLC2,CD69,DRAXIN,IL18R1,LAT,PGLYRP2",0.380730400722792,C2_vs_None,C2
granulocytes,121,1.31559554865097,0.365888314998261,0.0310932798395186,0.0699598796389168,"CCL4,CCN3,ADGRE2,CD83,RET,PTPRC,IL31RA,IL2RA,CD48,ITGAM,HAVCR2,PRG2,SFTPA1,SCG2,EVI2B,MPIG6B,KLK13,RAB27B,OSM,CD300A,LRRC25,ADAM8,CTLA4,CLC,SFRP4,CCL23,LAIR1,CD200R1,SIGLEC6,LCP1,CD84,CST7,WAS,TNFRSF9,BATF,IL13,SIGLEC8,CD69,IL18R1,LAT,KLK12,PAG1,GRAP2,LY6D,TNFRSF4,GBP6,CD300C,CHIT1",0.257206466468838,C2_vs_None,C2
Endothelial,260,1.18524084223421,0.317304097235176,0.069,0.138,"VWF,ITGA5,CCN3,IL4R,WNT9A,ABO,FBLN2,GAST,LY96,XG,EPS8L2,ICAM5,DOC2B,TCN2,PECAM1,LGALS4,VSIG2,TNXB,VTCN1,IL3RA,KRT19,EFEMP1,IL15,MATN2,DKKL1,FLT1,TNFRSF11B,CD109,CCL28,BMP6,STC1,IL1R1,HSPG2,GIPC2,CD300LG,SPINK8,KRT18,IL32,PTPRB,GCNT1,TACSTD2,ICAM1,LAYN,NID2,SCGB3A1,CDH5,AHSP,MYOC,NCR3LG1,ACVRL1,ACTN2,ULBP2,RARRES1,ESM1,CCL23,EFNA1,WFDC1,CLEC14A,CXCL3,RBP5,TEK,TNFRSF9,MIA,RNASE10,CFB,TNFRSF10C,PI16,CD34,CFI,PLA2G4A,IL18R1,CLEC1A,ARHGEF5,ENTPD2,GP6,SYTL4,SNED1,ADGRF5,DIPK2B,ISM1,THBD,OMD,LRG1,TNFRSF4,ITGB6,CD93,KDR,EPHA2,GBP6,PRTG,TGM2,TDGF1,SCARF2,ICA1",0.16823816568964,C2_vs_None,C2
B-cells,122,1.17695287470577,0.327450605779201,0.16148445336008,0.264247287316495,"IL10RA,CCL22,CCL17,CD83,CD207,ITGB7,LILRB1,PTPRC,CLEC10A,SIT1,IL2RA,CD48,MZB1,EVI2B,ITGB2,CORO1A,SLAMF7,TNFRSF13B,ADAM8,LY9,CD27,IFI30,CD5,DIABLO,CD200R1,LCP1,CD84,IL12RB1,WAS,CD70,INPP5D,IL18BP,CD6,IGLC2,CD69,SERPINB9,FCER2,TLR1,CR1,GRAP2,BANK1,TCL1A,CHIT1,RNASE6,RAB39B,CD79B,ICOSLG",0.104343952581949,C2_vs_None,C2
Smooth muscle,138,1.16935247382125,0.323361607359386,0.157472417251755,0.264247287316495,"SMOC2,WNT9A,ABO,ADAMTS16,C1QTNF1,MYLPF,VSIG2,NEXN,CPXM2,GDF15,RET,AOC3,FABP3,FAP,TNFRSF11B,ARTN,FZD10,COL24A1,HSPG2,PSCA,ANGPTL4,FNDC1,CALCA,MYOC,NCR3LG1,ITGBL1,COL28A1,NTF3,ASPN,WFDC1,GFRA1,ADAMTS15,ACTA2,LTBP2,NGFR,SUSD2",0.105920292736253,C2_vs_None,C2
Microglial cells,197,1.21605226160242,0.256426175576331,0.0891608391608392,0.264771877337322,"DCC,CRYBB2,GHR,ITGBL1,CD226,PAMR1,CSF1R,CLEC5A,IGDCC4,PDZD2,EDA2R,ITGAM,NID2,SORBS1,CSF3R,LRIG1,ADGRF5,PXDNL,CRELD1,VEGFC,ELAVL4,ST6GAL1,IGSF21,LILRA2,BLNK,DCDC2C,ADAMTS13,LAMA4,ITIH5,MSR1,GASK1A,HDAC9,FLT1,FAP,CA5A,CXCL12,AMBN,SIGLEC10,PEAR1,TGFB2,OLR1,NOS3,MRC1,SIGLEC8,PTPRM,ERC2,NPL,IPCEF1,MAMDC2,NELL1,ZHX2,TLR1,CDH5,SCARF1,PTPRC,ADAMTSL2",0.197822021315103,C1_vs_None,C1
Oligodendrocyte precursor cells,223,1.242363609178,0.256702866798258,0.0693240901213172,0.264771877337322,"PZP,DCC,EXTL1,GHR,STX1B,SERPINE2,FUT8,LRP2BP,IGDCC4,PDZD2,SLITRK1,NTRK2,SORBS1,AFAP1,MEGF11,ADCYAP1R1,LYPD1,MFAP3L,THBS2,PXDNL,CRELD1,PNMA2,COL4A4,ELAVL4,NGF,ST6GAL1,IGSF21,SLITRK2,TYRO3,SMOC1,CLEC2L,ENPP6,LAMA4,ANGPTL2,GASK1A,HDAC9,ADGRG2,CA13,CNTN1,CPB2,PTPRM,ERC2,IL7,CSPG4,THBS4,DPP6,BCAN,TGFA,NELL1,GFRA1,WFDC1,ZHX2,LTA,PCDH9,NT5E,ANK2,SPON1,CADPS,ROBO1,NRCAM,CEP170,DNER,SCG3,PRUNE2,SCRG1,DCUN1D2,FBN2,NCAM2,TNR,TAFA5,SLIT2,VSTM2B,GRIN2B",0.224966093540314,C1_vs_None,C1
Oligodendrocytes,168,1.20872471840961,0.260393339101146,0.102333931777379,0.264771877337322,"PZP,DCC,SOWAHA,MYH7B,A1BG,ENPP2,CD226,FUT8,LRP2BP,PDZD2,EDA2R,APLP1,SLITRK1,LRIG1,SERPINI1,MFAP3L,THBS2,PXDNL,CRELD1,SLITRK2,TYRO3,SMOC1,ENPP6,ANGPTL2,GASK1A,HDAC9,RAB33A,ADGRG2,GAS2,PTH,CPB2,ERC2,THBS4,DPP6,TGFA,PDIA2,ZHX2,LTA,PCDH9,ADAMTSL2,ANK2,DAPK2,ROBO1,CEP170,DNER,PRUNE2,SCRG1,DCUN1D2,NCAM2,TAFA5,SLIT2,VSTM2B,TMPRSS5,PRSS53",0.186432558434075,C1_vs_None,C1
Pericytes,91,1.29953816930938,0.308795781187421,0.0645161290322581,0.264771877337322,"GHR,DKKL1,PAMR1,UPB1,ASAH2,NID2,CXCL5,PLIN1,TSPAN8,ADGRF5,PXDNL,SERPIND1,DKK1,F10,CR2,DCDC2C,TFAP2A,KLKB1,OBP2B,ADGRG2,C1QTNF1,TIMP4,TFF3,FGFR4,VSIG2,CSPG4",0.237793834423688,C1_vs_None,C1
dendritic cells,128,1.24282893347208,0.276064021146345,0.102966841186736,0.264771877337322,"CD3G,RET,ITGAL,ITGB2,LTB,SLAMF7,LCP1,FCRL5,TNFRSF17,PDGFB,IL7R,LILRA5,PPBP,CLEC4A,IL18R1,RELT,GZMA,LY9,BLNK,ADGRE2,UPK3A,CD72,MZB1,PF4,SERPINF2,IL3RA,CLEC4C,CD7,LILRB2,ZHX2,LTA,KRT5,GZMH,PTPRC,ADA2,GHRL,SEMA7A,TREML2,IFNLR1",0.183023938384487,C1_vs_None,C1
Plasma cells,118,1.22292120052185,0.276585500834046,0.119005328596803,0.267761989342806,"CD3G,GAST,ITGAL,A1BG,LY96,BTN1A1,CTHRC1,FUT8,SLAMF7,FCRL5,TNFRSF17,CD70,PECAM1,ST6GAL1,IL21R,GZMA,LY9,IL5RA,BLNK,CR2,ICAM4,CA6,C9,IGLC2,MZB1,FCN2,PLG,SLAMF1,PTP4A3",0.170932335370056,C1_vs_None,C1
Plasma cells,118,1.12567787753213,0.313277598422501,0.237713139418255,0.356569709127382,"CCL3,CCL4,IL10RA,FGL1,GAST,LY96,PECAM1,ITGB7,LILRB1,SIT1,CD48,MZB1,BMP6,EVI2B,F2R,CORO1A,SLAMF7,TNFRSF13B,LY9,IFNLR1,CD27,SFRP4,DIABLO,ITGAL,SELPLG,FUT8,IL12RB1,WAS,CD70,ST6GAL1,IGLC2,CD69,CD38,PGLYRP2,FCER2,CD8A,FGA,BANK1,TNFRSF4",0.0819778796501272,C2_vs_None,C2
Astrocytes,195,1.08952311040693,0.230245297853921,0.251327433628319,0.373513084853291,"PON1,CRYBB2,WFIKKN1,STX1B,SERPINE2,FUT8,PAMR1,HGF,LRP2BP,IGDCC4,NTRK2,PLIN1,SORBS1,LRIG1,ADCYAP1R1,MFAP3L,CACNB1,PXDNL,CRELD1,AMOT,PNMA2,VEGFC,TNC,AGT,SLITRK2,ENPP6,ADAMTS13,ANGPT1,KLKB1,GASK1A,ITIH4,MDGA1,CNTN1,GAS2,TGFB2,PTPRM,ERC2,ENTPD2,THBS4,NPL,DPP6,BCAN,GFRA1,ZHX2,LTA,PCDH9,ADAMTSL2,ANK2,SPON1,CADPS,LCAT,SERPINI2,ROBO1,NRCAM,DNER,SCG3,SCRG1,DCUN1D2,NCAM2,PDGFRB,TNR,TAFA5,RGMA,TMPRSS5,PRSS53",0.112378519110475,C1_vs_None,C1
B-cells,122,1.11484572884167,0.250733510924822,0.226039783001808,0.373513084853291,"COCH,CCL17,A1BG,ITGB2,LTB,SLAMF7,LCP1,FCRL5,TNFRSF17,CD70,PPBP,DPEP2,SOST,IFI30,IL21R,LY9,IL5RA,BLNK,CR2,CD72,CA6,IGLC2,SIGLEC10,MZB1,PF4",0.120985142145252,C1_vs_None,C1
Endothelial,260,-1.09717189560965,-0.217616691835862,0.205607476635514,0.373513084853291,"APOF,PON3,ISM1,SNED1,EDN1,ADAMTS8,NPR1,CLIC5,PROCR,IL32,BHMT2,CEACAM1,EPHA2,LCN15,CD93,DLL4,KRT14,EPPK1,IL4R,BMP6,GBP4,PGR,ITGB6,LAYN,MATN3,CHRM1,TCN2,TACSTD2,INPP5J,ADIPOQ,IL15RA,ROBO4,CGREF1,AHSP,EPS8L2,IL1RL1,LGALS4,CLEC14A,S100A16,RARRES1,FAM3B,ARHGEF5,OMD,ARG1,GIMAP8,TNFRSF4,GMPR,SERPINA3,ULBP2,HS6ST2,ICA1,ODAM,DMP1,ACE,PLSCR3,PCDH12,IGFBP1,PODXL,TGM2,ZBP1,RNASE10,VIT,GBP6",0.147331213699377,C1_vs_None,C1
NK-cells,145,1.07681592068644,0.234591728380045,0.269759450171821,0.373513084853291,"CD3G,CST7,ITGAL,ITGB2,LTB,CD226,SLAMF7,LCP1,CCL5,ITGAM,IL7R,PPBP,KLRC1,DPEP2,IL18R1,KIR3DL2,IL21R,GZMA,CD40LG,LY9,TNFSF14,CD72,RAB33A,TNFSF11,FASLG,PF4,B3GNT7,KLRD1,IPCEF1,CD7,LTA,GZMH,CCL3,PTPRC,GHRL,ICAM2,ITGAX",0.105920292736253,C1_vs_None,C1
T-cells,156,1.10864628725358,0.241532648236427,0.239713774597496,0.373513084853291,"CD3G,CST7,ITGAL,A1BG,ITGB2,LTB,CD226,SLAMF7,LCP1,CCL5,CD70,IL7R,PPBP,KLRC1,IL18R1,KIR3DL2,IL21R,GZMA,CD40LG,LY9,OSM,TNFSF14,RAB33A,CA6,SPRR3,IGLC2,FASLG,PF4,CALCB,SLAMF1,KLRD1,IL17A,IL4,IPCEF1,CD7,LTA,GZMH,CCL3,PTPRC,GATA3",0.116234148779716,C1_vs_None,C1
NK-cells,145,1.08627439919584,0.206299901265019,0.262773722627737,0.394160583941606,"LCP1,KLRF1,CST7,FLT3LG,VNN2,CD300A,CD7,SELL,HBQ1,HAVCR2,TNFSF8,SKAP1,CD5,PF4,RAB37,SELPLG,LAIR2,IFNG,TXK,SIGLEC7,ADA,ITGB7,CRTAM,APBB1IP,CD3G,PPBP,BATF,LAIR1,TNFRSF9,APOBR,IL16,SLAMF7,IL18R1,CSF2,HCLS1,PADI4,XCL1,FCGR3B,B3GNT7,CCL5,PIK3AP1,ITGAL,IL2RA",0.237793834423688,C0_vs_None,C0
Pericytes,91,-1.07788850890115,-0.260505840225794,0.331226295828066,0.42586238035037,"PON3,IL34,CSPG4,F10,TFAP2A,CA7,ASPN,GPC5,CDH15,MYL3,OBP2B,ISM1,CD248,HRC,SCARF2,GFRA2,PXDNL,PAMR1,KIR2DL3,MPIG6B,CA4,DCDC2C,BMP4,MELTF,SMOC2,TIMP4,GLT8D2",0.0766746872490091,C0_vs_None,C0
Plasma cells,118,1.07339680325052,0.209522243626223,0.31055900621118,0.42586238035037,"FGA,GKN1,GAST,ORM1,SIT1,PGLYRP2,BGLAP,TNFSF8,FGL1,LY96,RRM2,FCRL1,SELPLG,TNFRSF17,ITGB7,BLNK,CD70,PLG,CTHRC1,DLGAP5,FCN2,CD3G,IL16,SLAMF7,IL5RA,JCHAIN,A1BG,HCLS1,FUT8,FCGR3B,MZB1,ITGAL,IGLC2,FCER2",0.199915231309662,C0_vs_None,C0
T-cells,156,0.999377864871771,0.184634825739369,0.431654676258993,0.517985611510791,"LCP1,KLRF1,CST7,FLT3LG,CD300A,CD7,SELL,CD200R1,PMCH,SIT1,PGLYRP2,TNFSF8,SKAP1,CD5,IL4,PF4,RAB37,SELPLG,LAIR2,IFNG,TXK,ITGB7,CD70,CRTAM,APBB1IP,GATA3,CD3G,PPBP,BATF,TNFRSF9,IL16,SLAMF7,IL18R1,CSF2,A1BG,HCLS1,XCL1,CCL5,ITGAL,IGLC2,IL2RA,OSM",0.181383128498408,C0_vs_None,C0
Endothelial,260,-0.997884449461439,-0.212024092564036,0.477223427331887,0.522159548751007,"HS6ST2,FES,ESM1,CLEC1A,PON3,NPR1,DAND5,CD160,IL20RA,AHNAK2,SPINK8,ART5,DIPK2B,PTPRR,KAZALD1,ISM1,ROBO4,ECSCR,IL1RL1,DLL4,NXPH3,ADIPOQ,GRP,MYOM3,KRT14,SCARF2,CRTAC1,GPIHBP1,CEACAM16,IL15RA,IGFBP1,TDGF1,POSTN,LCN15,PGR,CDH5,GP6,TNXB,IGFBP3,KRT8,PHOSPHO1,SERPINA5,CD34,GIPC3,ICAM2,PCDH12,PLA2G4A,CA4,GGACT,F7,MET,CEACAM19,PRTG,BMP4,GBP6,C1QTNF9,SCGB3A1,SCARF1,CHRM1,SMPDL3B,FLI1,WNT9A,CCL23,ESAM",0.051530912208539,C0_vs_None,C0
Fibroblasts,79,0.993950385547179,0.208496369672754,0.493150684931507,0.522159548751007,"GPHA2,MME,CILP,C1S,LAMA1,CES1,ADH1B,KRT18,SELE,FABP4,CXCL10,RBP5,SERPINA3",0.131457611642763,C0_vs_None,C0
Oligodendrocytes,168,1.04770495495557,0.285077581458452,0.385614385614386,0.533927610850688,"THBS2,ADAMTSL2,ANGPTL2,PXDNL,DNER,ADAMTS16,HAVCR1,GAS2,CPXM2,TAFA5,EDA2R,ROBO1,RAB11FIP3,DPP10,THBS4,PRSS53,JAM3,DTNB,CNTN2,MFAP3L,ITGA2,LAYN,CDH2,SCRG1,PRKCQ,LRP11,ACTN2,DIABLO,PDE5A,CNTNAP2,KAZN,ABCA2,TMPRSS5,FUT8,DPP6,IL17D,DIPK1C,PDE1C,PADI2,ARHGEF10,TGFA,PI16,NCAM2,VSTM2B,LRRC37A2,NRGN,CLIP2,PRTFDC1,DIPK2B,NFASC,ARSB,ADGRG2,ADGRB3,ROBO2,RAB39B,CD226,MAG,MAD1L1,CD22,PLXNB3,ADAM22,SEMA4D,MEGF10,SV2A,NOS1,WASF1,CRELD1,KEL,SMOC1,CALY,CEP170,PDZD2,RAB33A,C5",0.057609110864425,C2_vs_None,C2
Astrocytes,195,1.0320820565474,0.279234234850012,0.421,0.541285714285714,"ADAMTSL2,CHRDL1,PNMA2,PXDNL,DNER,TNC,SPON1,GAS2,JAM2,TAFA5,HGF,SCG3,EFEMP1,ROBO1,CD109,RAB11FIP3,DPP10,THBS4,PRSS53,MYBPC1,PALM,ANGPTL4,MFAP3L,RTN4R,NELL2,CDH2,SCRG1,PRKCQ,PTPRM,COL28A1,FLRT2,MAP1LC3B2,TMPRSS5,GFRA1,FUT8,DPP6,IL17D,DIPK1C,PRKG1,ARHGEF10,NCAM2,CD38,PON1,LRRC37A2,ADAM23,NRGN,PRTFDC1,EPHA4,ENTPD2,GP6,SYTL4,SNED1,PAMR1,WIF1,MASP1,NFASC,ARSB,KIAA1549L,ADGRB3,ADAMTS13",0.0535669384770951,C2_vs_None,C2
Oligodendrocyte precursor cells,223,0.997159709642326,0.268153545407664,0.513,0.6156,"THBS2,PNMA2,ANGPTL2,PXDNL,DNER,SPON1,LAMA4,OPTC,JAM2,TAFA5,SCG3,FBN2,ROBO1,GRIN2B,RAB11FIP3,DPP10,THBS4,SCG2,COL24A1,TNFSF13B,JAM3,DTNB,SPINK8,CNTN2,RAB27B,MFAP3L,NELL2,CDH2,SCRG1,PRKCQ,PTPRM,COL28A1,VCAN,ACTN2,FLRT2,PDE5A,PDGFRA,CNTNAP2,KAZN,WFDC1,GFRA1,MEGF11,FUT8,DPP6,IL17D,DIPK1C,PDE1C,TEK,ARHGEF10,MANEAL,CA13,ST6GAL1,TGFA,NCAM2,VSTM2B,LRRC37A2,ADAM23,CDH22,CLIP2,BCHE",0.0445070537769277,C2_vs_None,C2
Pericytes,91,0.972199451411148,0.277889370312333,0.560804020100503,0.630904522613065,"SMOC2,PXDNL,ABO,ADAMTS16,C1QTNF1,VSIG2,CLEC4M,DKKL1,FABP1,FZD10,COL24A1,MPIG6B,ANGPTL4,NID2,SFRP4,ASPN,SUSD2,IL13,ADGRD1,CD38,SYTL4,PAMR1,ADGRF5,ISM1,ADGRG2,CA7,TIMP4,SSC5D,ADH1B,SCARF2,ANGPTL3,BMP4",0.0406579344155557,C2_vs_None,C2
Excitatory neurons,251,0.964472034146088,0.258451631235125,0.61038961038961,0.646294881588999,"ADAMTSL2,PNMA2,FGF5,PXDNL,ADAMTS16,MAMDC2,ICAM5,HAVCR1,GAS2,TAFA5,SCG3,FAP,ROBO1,GRIN2B,CHGA,ITGA11,RAB11FIP3,DPP10,PRSS53,PGLYRP1,SCG2,COL24A1,JAM3,DTNB,SPINK8,PTPRB,L1CAM,CNTN2,RAB27B,RTN4R,NELL2,CDH2,NCR3LG1,PRKCQ,COL28A1,LRP11,ACTN2,EGF,FLRT2,DIABLO,PDE5A,CNTNAP2,KAZN,CD200R1,TMPRSS5,RBFOX3,FUT8,DPP6,IL17D,PRKG1,PDE1C,MANEAL,CDON,NCAM2,NPTX1,VSTM2B,LRRC37A2,ADAM23,NRGN,CDH22,CLIP2,SDK2,PRTFDC1,EPHA4,GP6,SNED1,PAMR1,NFASC,ARSB,KIAA1549L,ADGRB3,ADAMTS13,CA7",0.0364548541965309,C2_vs_None,C2
Inhibitory neurons,257,0.903658089619585,0.241928667553362,0.77,0.77,"PNMA2,PXDNL,DNER,MAMDC2,ICAM5,HAVCR1,GAS2,JAM2,TAFA5,RET,HGF,SCG3,FBN2,ROBO1,GRIN2B,RAB11FIP3,DPP10,PRSS53,BMP6,PGLYRP1,SCG2,COL24A1,CRHBP,DTNB,SPINK8,PTPRB,L1CAM,RGS8,CNTN2,NELL2,CDH2,NCR3LG1,PRKCQ,PTPRM,COL28A1,LRP11,EGF,FLRT2,MAP1LC3B2,DIABLO,PDE5A,CNTNAP2,KAZN,MEGF11,RBFOX3,FUT8,DPP6,IL17D,SEMA6C,PRKG1,PDE1C,MANEAL,CDON,NCAM2,NPTX1,VSTM2B,LRRC37A2,ADAM23,CDH22,CLIP2,SDK2,PRTFDC1,EPHA4,GP6,SNED1,ISM1,WIF1,NFASC,ARSB,KIAA1549L,ADGRB3,ADAMTS13",0.0249900772245545,C2_vs_None,C2
Fibroblasts,79,-0.928695063042197,-0.21929431008876,0.607375271149675,0.780911062906725,"HSD11B1,GAL,FOLR1,CA7,FNDC1,CNTN5,LRTM1,GLP1R,STEAP4",0.0732558655828455,C1_vs_None,C1
Smooth muscle,138,0.907990656110306,0.200538404642296,0.672014260249554,0.806417112299465,"LIF,RET,GHR,ITGBL1,BDNF,TSPAN8,OSMR,KRT17,SOST,NGF,F10,IL6,DCDC2C,TFAP2A,ANGPT1,SLC51B,OBP2B,CD177,ITIH4,MYOC,C1QTNF1,TIMP4,FAP,CALCB,CORO6,VSIG2,CSPG4,PSCA,GFRA1,WFDC1,HTR1B,TNFRSF11B,TYRP1,ITGB1BP2,HBZ,AMIGO2,ADAMTSL5,EGFLAM",0.0587185879555941,C1_vs_None,C1
Excitatory neurons,251,0.893493397365192,0.182390320312445,0.777969018932874,0.858760616546084,"DCC,CRYBB2,EXTL1,GHR,STX1B,FUT8,SEPTIN3,CHGA,PAMR1,LRP2BP,BDNF,PDZD2,APLP1,SLITRK1,NTRK2,SORBS1,ADCYAP1R1,SERPINI1,CACNB1,PXDNL,CRELD1,PNMA2,ELAVL4,IGSF21,TYRO3,CLEC2L,CPLX2,ADAMTS13,KLKB1,GASK1A,HDAC9,ITIH4,FAP,IL1RL2,CNTN1,GAS2,CORO6,ERC2,IL7,DPP6,BCAN,IPCEF1,MAMDC2,ICAM5,NELL1,PDIA2,PCDH9,ADAMTSL2,LYPD8,PTPRR,ANK2,CADPS,SDK2,SERPINI2,ROBO1,NRCAM,CEP170,SCG3,PRUNE2,DCUN1D2,NCAM2,TBR1,TNR,TAFA5,SLIT2,VSTM2B,GRIN2B,TMPRSS5,SCN4B,PRSS53,NCS1,PGLYRP1,CD200R1,RAB37,MAP2,CNTN3,CEND1,JAM3,CRTAC1,RAB39B,DTNB,CIT,PRKCQ,IL12RB2,KIAA1549,MANEAL,CDON,FLRT2,EPHA4,SPOCK1,ADAMTS16,ITGA11,NCAM1,SYT1,CEP112,VWC2,EGF",0.0502948063662358,C1_vs_None,C1
granulocytes,121,0.843070808586665,0.18973396971641,0.811051693404635,0.858760616546084,"LIF,KRT6C,CST7,RET,CD226,LCP1,RAB44,ITGAM,IL7R,IL18R1,OSM,IL5RA,ICAM4,ADGRE2,TMPRSS11D,RAB33A,SPRR3,SIGLEC10,SIGLEC8,SLAMF1,FCGR2A,CSF1,KCNH2,PTPRC,VWA5A,ITGAX,SLURP1,CADPS",0.0499913914024592,C1_vs_None,C1
Inhibitory neurons,257,0.838571528898867,0.171365787584867,0.889081455805893,0.889081455805893,"COCH,DCC,RET,EXTL1,GHR,STX1B,FUT8,SEPTIN3,HGF,LRP2BP,PDZD2,APLP1,SLITRK1,NTRK2,SORBS1,AFAP1,MEGF11,ADCYAP1R1,SERPINI1,PXDNL,CRELD1,PNMA2,ELAVL4,NGF,IGSF21,SLITRK2,CLEC2L,NT5C1A,CPLX2,ADAMTS13,ANGPT1,KLKB1,GASK1A,HDAC9,PVALB,CNTN1,GAS2,PTH,TGFB2,CORO6,PTPRM,ERC2,DPP6,BCAN,MAMDC2,ICAM5,NELL1,PDIA2,PCDH9,RSPO3,PTPRR,ANK2,CADPS,SDK2,ROBO1,NRCAM,CEP170,DNER,SCG3,PRUNE2,DCUN1D2,FBN2,NCAM2,CRHBP,TNR,TAFA5,SLIT2,VSTM2B,GRIN2B,SCN4B,PRSS53,NCS1,PGLYRP1,RAB37,MAP2,CNTN3,CEND1,CRTAC1,RAB39B,DTNB,CIT,PRKCQ,IL12RB2,KIAA1549",0.0445070537769277,C1_vs_None,C1
granulocytes,121,-0.673191046793495,-0.155123212754511,0.977434679334917,0.977434679334917,"EVPL,IL31RA,TPSD1,TPSG1,IL1RL1,SCG2,TMPRSS11B,TPSAB1,KRT14,KLK13,SPINK5,ADGRE2,CD226,CD84,IL7R,SEMA4D,MPIG6B,CD69,CD48,SBSN,DOK1,GBP6,MELTF,CCL23,SFTPD,CADPS,KCNH2,SFTPA1,RAB33A,DSG3",0.0212181723861707,C0_vs_None,C0
